Minivan, 31, Pink, 43594
Van, 20, Pink, 248535
Sedan, 5, Green, 95270
Sedan, 30, Red, 6494
Sports Car, 10, Grey, 184316
Van, 25, Orange, 199270
Sports Car, 7, Grey, 130730
SUV, 38, Black, 1666
Hatchback, 2, Pink, 132263
Convertible, 40, Red, 102365
Sedan, 30, Black, 119194
Sedan, 50, Green, 215947
Convertible, 10, Black, 114195
Hatchback, 44, Black, 60877
Hatchback, 39, Red, 180546
Sedan, 10, Pink, 112473
Convertible, 32, Red, 100399
Convertible, 42, Red, 238974
Convertible, 14, Black, 241070
Sedan, 1, Black, 216921
SUV, 35, Green, 249306
SUV, 19, Pink, 63416
Minivan, 40, Blue, 4559
Truck, 3, Orange, 181251
SUV, 33, Black, 117656
Convertible, 15, Blue, 185692
Convertible, 40, Red, 92225
Van, 35, Red, 23453
SUV, 22, Pink, 88164
Convertible, 46, Blue, 169641
Sedan, 17, Pink, 93055
SUV, 31, Red, 64941
Convertible, 10, Grey, 53390
Van, 50, Green, 241164
Convertible, 50, Black, 130435
Sedan, 26, Green, 175446
Hatchback, 4, Grey, 145039
Sports Car, 48, Green, 51830
Sports Car, 3, Black, 104579
Convertible, 20, Grey, 13121
Sedan, 17, Green, 6234
SUV, 22, Red, 109562
Sedan, 30, Red, 237105
Hatchback, 15, Orange, 193892
Truck, 8, Pink, 244782
Sports Car, 4, Black, 58779
Truck, 18, Blue, 93886
Truck, 40, Red, 16981
Hatchback, 40, Black, 237885
Convertible, 17, Red, 230207
Convertible, 7, Orange, 198167
Sedan, 50, Orange, 159622
Van, 10, Orange, 105757
Sedan, 42, Blue, 52631
SUV, 5, Red, 208298
Van, 29, Black, 66865
Sedan, 23, Red, 160187
Sports Car, 31, Orange, 72532
SUV, 2, Red, 159489
Hatchback, 0, Grey, 139480
Sports Car, 0, Black, 91133
Sedan, 17, Red, 174988
Van, 12, Grey, 96785
Sedan, 24, Grey, 209019
Truck, 24, Orange, 243914
Sedan, 5, Red, 125371
Minivan, 35, Pink, 36808
Sedan, 0, Grey, 78001
Van, 36, Red, 235187
Truck, 3, Red, 210951
Sports Car, 38, Green, 190810
Truck, 42, Green, 180736
Hatchback, 29, Red, 216121
Hatchback, 36, Green, 4454
Convertible, 47, Green, 107816
SUV, 47, Grey, 50551
Sedan, 38, Grey, 208500
Minivan, 38, Grey, 29057
Minivan, 34, Red, 18028
Sedan, 43, Blue, 68367
Sedan, 2, Red, 60983
Sports Car, 49, Orange, 94849
Truck, 49, Blue, 69578
Sports Car, 48, Grey, 213798
Sedan, 27, Black, 81025
SUV, 37, Red, 46541
Van, 29, Grey, 22977
Minivan, 13, Grey, 193651
Minivan, 12, Red, 18822
Minivan, 45, Pink, 175623
Sedan, 10, Red, 12400
Minivan, 23, Red, 131138
Hatchback, 2, Green, 85993
Van, 19, Pink, 16018
Van, 27, Red, 150967
Van, 32, Orange, 41637
Hatchback, 16, Red, 169118
Sedan, 0, Orange, 119126
Minivan, 37, Orange, 58056
Sedan, 23, Pink, 226651
Minivan, 13, Red, 206965
SUV, 12, Orange, 64847
Sedan, 30, Grey, 1653
Sedan, 11, Orange, 43208
SUV, 4, Pink, 30341
Convertible, 47, Green, 33385
Hatchback, 25, Black, 36358
SUV, 9, Orange, 162418
Van, 2, Blue, 144899
Minivan, 17, Grey, 109661
Convertible, 23, Red, 210814
Hatchback, 8, Red, 62582
Hatchback, 27, Red, 137073
Sedan, 38, Orange, 59590
Minivan, 37, Black, 55045
Sports Car, 22, Grey, 3252
Sedan, 14, Blue, 51659
Convertible, 18, Green, 158556
Sedan, 49, Red, 11569
Minivan, 11, Black, 211868
Sports Car, 29, Green, 137130
SUV, 43, Orange, 63511
Minivan, 29, Red, 136741
Sedan, 43, Orange, 101086
Minivan, 38, Grey, 76934
Truck, 16, Grey, 225312
Minivan, 32, Green, 193088
Sedan, 3, Blue, 42832
Truck, 0, Pink, 201884
Convertible, 28, Green, 81461
Van, 47, Orange, 176747
SUV, 46, Orange, 5211
Sedan, 38, Red, 17901
Convertible, 24, Orange, 105913
SUV, 15, Orange, 168037
Minivan, 14, Green, 46961
Convertible, 40, Pink, 48094
Sports Car, 45, Orange, 221984
Minivan, 12, Blue, 53003
Sedan, 31, Black, 95716
Minivan, 10, Orange, 97318
Sedan, 40, Grey, 44917
Hatchback, 45, Red, 240938
Truck, 38, Red, 113275
Sedan, 29, Black, 244117
SUV, 34, Orange, 219950
Hatchback, 47, Blue, 130865
Sedan, 49, Grey, 246819
Convertible, 10, Grey, 220726
Sedan, 15, Pink, 170231
Truck, 3, Red, 230714
Minivan, 27, Red, 39927
Van, 18, Blue, 185930
Hatchback, 25, Orange, 14642
Truck, 14, Grey, 52508
Truck, 1, Grey, 113040
Minivan, 4, Grey, 8914
Van, 20, Red, 98155
Van, 15, Orange, 157388
Van, 25, Orange, 57020
Convertible, 14, Pink, 86142
Truck, 19, Red, 104049
Sedan, 18, Grey, 230636
Convertible, 23, Blue, 224244
Sedan, 26, Pink, 137005
SUV, 28, Orange, 202804
Convertible, 37, Red, 118576
Minivan, 11, Black, 75750
Sedan, 22, Red, 99343
Hatchback, 4, Grey, 132589
Truck, 8, Red, 211683
Truck, 25, Black, 87015
SUV, 30, Grey, 126127
Van, 42, Green, 206785
Sedan, 25, Black, 221164
Sports Car, 41, Orange, 124362
SUV, 10, Blue, 179256
Van, 46, Grey, 188385
Sedan, 1, Pink, 127547
Sports Car, 41, Orange, 43161
Sports Car, 32, Blue, 177413
Sedan, 48, Orange, 212413
Truck, 42, Blue, 235892
Truck, 26, Pink, 92399
Truck, 34, Pink, 53588
Truck, 15, Blue, 78815
Minivan, 42, Red, 130958
SUV, 36, Red, 107010
Convertible, 36, Red, 13515
Truck, 47, Black, 55715
SUV, 4, Green, 114756
Van, 11, Grey, 66802
Sedan, 6, Black, 221919
Sedan, 22, Green, 161037
Sedan, 13, Red, 223991
Van, 39, Blue, 189985
Sedan, 4, Black, 96263
SUV, 34, Black, 212300
Sedan, 27, Blue, 222618
Hatchback, 41, Blue, 198576
Truck, 48, Orange, 136856
Sports Car, 46, Orange, 208211
Sedan, 43, Pink, 114365
Sedan, 16, Blue, 101538
Minivan, 39, Orange, 214630
Sedan, 51, Red, 17041
SUV, 15, Red, 119143
Van, 24, Red, 142595
SUV, 50, Pink, 11989
Hatchback, 24, Grey, 144437
Convertible, 20, Pink, 137638
Convertible, 31, Pink, 69307
Truck, 36, Black, 78065
Sports Car, 45, Green, 223338
SUV, 41, Black, 46105
SUV, 28, Grey, 179141
SUV, 16, Grey, 199287
Convertible, 10, Green, 133259
Convertible, 42, Orange, 159402
Sedan, 43, Blue, 129467
Minivan, 38, Orange, 200384
Convertible, 9, Red, 25837
Truck, 2, Grey, 30186
Convertible, 48, Black, 197874
Minivan, 16, Red, 102060
Van, 51, Orange, 136199
Sedan, 43, Green, 132330
Sedan, 49, Grey, 164826
Convertible, 6, Black, 20716
Sedan, 37, Blue, 22517
SUV, 10, Orange, 149124
Convertible, 7, Green, 115579
Convertible, 15, Green, 98883
Sedan, 50, Grey, 201170
Sports Car, 23, Red, 14080
Sedan, 33, Grey, 158298
Sedan, 12, Orange, 124656
Van, 15, Black, 73802
Sedan, 25, Orange, 218248
Convertible, 24, Blue, 8575
Hatchback, 20, Red, 61213
Convertible, 24, Orange, 146493
Sedan, 51, Green, 69659
Sedan, 1, Black, 204561
SUV, 11, Red, 205982
Sedan, 18, Green, 99456
Sedan, 43, Blue, 162944
Convertible, 21, Green, 97741
Truck, 6, Black, 97429
Van, 36, Green, 137800
Hatchback, 40, Black, 63560
Minivan, 9, Grey, 34176
Van, 23, Pink, 31730
Sports Car, 14, Black, 161764
Sports Car, 35, Orange, 61699
Minivan, 36, Pink, 141860
SUV, 45, Blue, 117564
Sedan, 45, Pink, 186297
SUV, 22, Orange, 73128
SUV, 46, Black, 174437
SUV, 46, Red, 41785
Minivan, 14, Red, 206156
Van, 26, Green, 210371
Hatchback, 41, Grey, 162579
SUV, 13, Blue, 198837
Sedan, 42, Red, 187377
Hatchback, 20, Blue, 127034
Van, 32, Grey, 48549
Sedan, 29, Grey, 99532
Sports Car, 48, Grey, 22455
Sedan, 34, Red, 193891
Truck, 35, Green, 176986
Sedan, 39, Red, 69466
Sedan, 25, Grey, 169291
Sedan, 37, Black, 26474
Van, 32, Orange, 218803
Hatchback, 28, Red, 124154
Van, 0, Red, 43855
Minivan, 17, Black, 85622
Truck, 24, Red, 108411
Sports Car, 4, Red, 150881
SUV, 11, Green, 44477
SUV, 15, Orange, 140090
Sports Car, 25, Black, 122682
Sedan, 20, Blue, 90509
Convertible, 43, Red, 5643
Truck, 1, Black, 104940
Sedan, 14, Pink, 123618
Convertible, 41, Green, 13428
SUV, 0, Orange, 143067
SUV, 2, Orange, 225415
Van, 8, Pink, 150942
Sedan, 23, Orange, 80223
Truck, 36, Pink, 95530
Van, 51, Red, 1657
Sedan, 23, Red, 211277
Truck, 48, Pink, 37862
Convertible, 11, Red, 215591
Hatchback, 0, Pink, 13019
SUV, 45, Red, 187002
Sports Car, 17, Orange, 132069
Truck, 17, Red, 157683
Convertible, 45, Green, 173201
Hatchback, 0, Red, 151257
Van, 47, Red, 32215
SUV, 36, Orange, 222811
Van, 46, Black, 226696
Van, 44, Red, 62135
SUV, 14, Orange, 226921
Van, 28, Red, 185755
Van, 35, Red, 69817
Truck, 15, Green, 41014
SUV, 36, Black, 17362
Hatchback, 29, Green, 137447
SUV, 51, Grey, 27384
Van, 18, Black, 214552
Truck, 40, Pink, 140139
Van, 17, Orange, 79034
Sedan, 39, Green, 95668
Truck, 8, Orange, 70889
Truck, 13, Black, 30547
Van, 13, Grey, 81125
Hatchback, 50, Red, 218665
Minivan, 40, Red, 139355
Hatchback, 51, Red, 79805
Hatchback, 22, Red, 176823
SUV, 4, Green, 22283
Sports Car, 11, Grey, 173579
Van, 48, Black, 228372
Van, 14, Pink, 174688
Van, 12, Pink, 196057
Convertible, 30, Grey, 65752
Minivan, 2, Orange, 14562
Minivan, 24, Blue, 88715
Sedan, 37, Red, 106158
Sedan, 14, Grey, 114475
Sports Car, 22, Pink, 131614
SUV, 33, Green, 125766
Sedan, 3, Grey, 205252
Sedan, 43, Orange, 125873
Hatchback, 31, Blue, 151088
Sedan, 2, Orange, 230467
SUV, 7, Red, 233655
Hatchback, 23, Red, 126149
Sedan, 38, Pink, 209471
Convertible, 50, Pink, 89075
Sedan, 47, Black, 89218
Minivan, 12, Orange, 154336
Sports Car, 3, Green, 69174
Van, 21, Green, 107914
Sedan, 1, Red, 133888
Sedan, 21, Orange, 3879
Van, 20, Red, 60128
SUV, 33, Blue, 54719
Convertible, 40, Black, 44665
SUV, 24, Pink, 57387
Sedan, 46, Green, 25020
Truck, 28, Black, 134428
Minivan, 40, Grey, 155596
Sports Car, 2, Red, 56174
Sedan, 12, Orange, 233472
Sports Car, 7, Grey, 157366
Minivan, 1, Grey, 192173
Hatchback, 2, Blue, 95273
Sports Car, 19, Green, 148958
Truck, 7, Pink, 164600
Sedan, 1, Blue, 71148
Convertible, 27, Red, 192669
Sedan, 36, Black, 225348
Sedan, 48, Green, 178344
Convertible, 22, Orange, 175964
SUV, 46, Grey, 171686
SUV, 44, Red, 154337
Hatchback, 13, Red, 128846
Hatchback, 16, Black, 13822
Minivan, 44, Red, 198165
Sedan, 43, Pink, 166779
Sedan, 3, Black, 60844
Minivan, 48, Blue, 92762
Van, 34, Red, 5402
Truck, 44, Red, 228343
Sedan, 0, Green, 158636
Sports Car, 46, Green, 160958
Sedan, 4, Orange, 4346
Sedan, 18, Pink, 40940
Hatchback, 19, Green, 8935
Hatchback, 21, Red, 77027
Sedan, 26, Pink, 6451
Van, 6, Red, 229793
Hatchback, 36, Grey, 208292
Sports Car, 27, Red, 29602
Minivan, 3, Red, 185255
Convertible, 16, Black, 9130
SUV, 16, Green, 189439
Sedan, 23, Red, 45987
Minivan, 2, Blue, 119558
Truck, 3, Blue, 20947
Van, 29, Red, 15496
Minivan, 44, Red, 60105
Minivan, 35, Green, 121041
SUV, 46, Pink, 168924
Sedan, 32, Green, 184135
Van, 48, Blue, 29139
Van, 17, Red, 224464
Convertible, 17, Green, 1307
Hatchback, 42, Pink, 132830
Minivan, 32, Blue, 19112
Truck, 44, Grey, 34155
Sedan, 10, Blue, 167468
Sports Car, 23, Orange, 170880
Sedan, 43, Orange, 247287
Hatchback, 0, Blue, 246268
Hatchback, 29, Green, 85221
Sedan, 34, Black, 78957
Sedan, 16, Green, 99576
Sedan, 47, Blue, 35433
SUV, 18, Green, 215735
SUV, 8, Red, 234249
Truck, 11, Red, 96363
Sedan, 24, Red, 63674
Hatchback, 12, Green, 129721
Sedan, 41, Blue, 91779
Convertible, 19, Green, 150070
Hatchback, 15, Orange, 30213
Convertible, 31, Red, 167021
SUV, 24, Pink, 197869
Hatchback, 14, Orange, 23261
Hatchback, 42, Red, 67815
Truck, 39, Black, 217141
SUV, 13, Blue, 91764
Truck, 11, Grey, 113872
Sedan, 16, Green, 70209
Minivan, 20, Grey, 155709
Sedan, 27, Grey, 194555
Van, 39, Red, 243261
Convertible, 13, Grey, 237903
Minivan, 49, Pink, 51890
Convertible, 27, Grey, 27686
Convertible, 32, Black, 37846
Sedan, 18, Red, 207083
Truck, 27, Red, 19875
Van, 40, Blue, 179070
Sedan, 12, Green, 140342
Hatchback, 45, Blue, 145874
Sedan, 17, Green, 54234
Minivan, 43, Red, 16558
Sedan, 41, Green, 30297
Sports Car, 41, Green, 116254
Sedan, 27, Grey, 3759
Convertible, 38, Pink, 105356
SUV, 3, Green, 43374
Sedan, 42, Pink, 191081
Sedan, 37, Green, 134417
SUV, 7, Red, 205386
Hatchback, 34, Black, 68489
Minivan, 10, Orange, 127268
Convertible, 27, Red, 248208
Sports Car, 25, Grey, 18355
Sedan, 12, Blue, 27098
Sports Car, 48, Black, 61687
Sports Car, 3, Orange, 151363
Van, 24, Blue, 73033
Minivan, 16, Grey, 41861
Convertible, 2, Red, 248882
SUV, 41, Pink, 37974
Sedan, 10, Pink, 245880
Minivan, 22, Orange, 68232
Sedan, 33, Pink, 187841
SUV, 29, Red, 246398
Hatchback, 50, Red, 39408
Minivan, 18, Grey, 81978
Convertible, 41, Orange, 13723
Hatchback, 7, Red, 244130
Hatchback, 40, Red, 209513
SUV, 23, Pink, 138173
Hatchback, 4, Blue, 166396
Sedan, 14, Green, 183125
Convertible, 13, Orange, 176647
SUV, 36, Pink, 69174
Convertible, 3, Red, 194376
Convertible, 11, Pink, 11766
Sedan, 47, Blue, 82319
Van, 0, Grey, 63022
Van, 12, Red, 94269
Convertible, 50, Red, 106365
Truck, 6, Grey, 188788
Hatchback, 49, Pink, 24123
SUV, 45, Pink, 43606
Hatchback, 23, Black, 224940
Minivan, 34, Pink, 80249
Convertible, 41, Pink, 173431
Sedan, 32, Black, 221004
Minivan, 8, Orange, 85357
Convertible, 19, Blue, 174228
Sedan, 22, Red, 215191
Van, 51, Orange, 27573
Hatchback, 38, Blue, 12028
Truck, 17, Grey, 111845
Convertible, 39, Red, 2607
Sedan, 17, Red, 151034
Hatchback, 21, Black, 149063
Van, 40, Blue, 249440
Convertible, 46, Black, 102689
Convertible, 44, Red, 40246
SUV, 13, Orange, 518
Sedan, 16, Pink, 47999
Truck, 21, Blue, 56543
Minivan, 16, Grey, 237815
Convertible, 30, Red, 30990
Convertible, 17, Red, 161727
Minivan, 1, Orange, 243515
Hatchback, 49, Grey, 214663
Convertible, 41, Red, 64499
Hatchback, 20, Green, 50284
Sedan, 50, Pink, 25083
Sedan, 1, Blue, 230995
Sports Car, 1, Grey, 168734
Hatchback, 36, Orange, 171005
Sedan, 10, Pink, 2349
Hatchback, 34, Orange, 190335
Convertible, 8, Blue, 233253
Sedan, 36, Black, 61314
Hatchback, 13, Red, 182742
Minivan, 32, Red, 10638
Sedan, 42, Black, 124366
Minivan, 5, Red, 179425
Sedan, 43, Blue, 230268
Sedan, 1, Grey, 148657
Truck, 12, Orange, 7002
Sports Car, 48, Green, 14033
SUV, 23, Black, 197766
SUV, 8, Orange, 122947
Truck, 16, Pink, 201700
Sports Car, 50, Green, 16409
Truck, 42, Red, 39043
Minivan, 46, Red, 16526
Van, 44, Grey, 73319
Minivan, 40, Pink, 35266
Sports Car, 37, Red, 182245
Van, 14, Orange, 215520
Hatchback, 10, Red, 31654
SUV, 34, Orange, 134387
Minivan, 34, Black, 21696
Minivan, 41, Red, 111384
Van, 17, Red, 205747
Van, 3, Red, 104108
Sedan, 26, Red, 53859
Truck, 31, Red, 200830
Van, 2, Black, 85614
Hatchback, 6, Red, 138715
Sports Car, 5, Green, 225424
SUV, 1, Red, 119029
Sedan, 38, Black, 114625
Van, 45, Red, 108825
Sports Car, 39, Orange, 35141
Truck, 26, Red, 16539
Sports Car, 14, Grey, 228701
Truck, 33, Orange, 105735
Sedan, 37, Red, 206877
Sports Car, 48, Blue, 191271
Convertible, 39, Grey, 38749
Hatchback, 22, Pink, 69381
Minivan, 24, Grey, 154092
Minivan, 34, Grey, 20844
Truck, 37, Red, 3805
Sports Car, 1, Black, 2089
Sedan, 31, Blue, 187375
Convertible, 35, Grey, 18101
Sedan, 21, Grey, 19801
SUV, 49, Blue, 24433
Truck, 34, Red, 241873
Sedan, 25, Black, 118439
Hatchback, 15, Orange, 127969
SUV, 37, Red, 62482
Sports Car, 46, Green, 144053
Sports Car, 51, Green, 48020
Sedan, 45, Pink, 190332
Truck, 12, Black, 58718
Convertible, 35, Blue, 145076
Minivan, 19, Red, 208722
Minivan, 9, Pink, 53268
SUV, 51, Red, 163975
Sedan, 1, Pink, 81059
SUV, 51, Red, 184445
Convertible, 49, Pink, 93859
Truck, 5, Red, 185000
Sedan, 16, Red, 22795
Van, 29, Black, 78028
SUV, 50, Red, 210194
Minivan, 8, Green, 77976
Truck, 29, Orange, 158425
SUV, 46, Blue, 143833
Sedan, 27, Green, 5867
Van, 30, Grey, 73542
Convertible, 24, Black, 55529
Sedan, 1, Blue, 110562
Convertible, 12, Green, 1903
Minivan, 28, Grey, 184097
Sedan, 40, Blue, 47588
SUV, 36, Grey, 96993
Hatchback, 47, Blue, 20664
SUV, 39, Red, 95730
Minivan, 38, Grey, 24002
Sports Car, 14, Blue, 145574
Minivan, 20, Red, 216877
Van, 39, Black, 191324
Sedan, 12, Blue, 208797
Hatchback, 26, Pink, 229585
Van, 12, Blue, 157704
Van, 5, Grey, 16239
Van, 26, Pink, 125565
Sedan, 47, Red, 113246
Truck, 3, Green, 74417
Van, 8, Blue, 145953
Sedan, 32, Green, 45403
Truck, 21, Grey, 225234
Sports Car, 32, Green, 29907
Sedan, 48, Black, 50578
Convertible, 41, Black, 52039
Sedan, 14, Grey, 85395
Sports Car, 24, Red, 13960
Van, 2, Green, 206316
Sports Car, 6, Black, 173975
Sedan, 14, Red, 135072
Sports Car, 48, Orange, 167445
Sedan, 46, Pink, 132157
Convertible, 46, Black, 242576
Van, 32, Green, 95186
Convertible, 17, Red, 37046
Truck, 31, Orange, 241189
Convertible, 48, Blue, 148697
Truck, 21, Red, 173404
Hatchback, 17, Grey, 27239
Sedan, 36, Red, 36199
Sports Car, 22, Blue, 29777
SUV, 51, Blue, 171300
SUV, 20, Red, 36099
Convertible, 49, Red, 241605
Minivan, 23, Black, 192386
Convertible, 29, Pink, 17664
Truck, 18, Red, 112658
Sports Car, 28, Red, 172610
Van, 33, Pink, 9324
Sedan, 51, Red, 223990
Sedan, 35, Grey, 119685
Van, 25, Green, 139707
Van, 6, Black, 112018
Convertible, 47, Grey, 63169
Truck, 47, Grey, 146138
Hatchback, 5, Blue, 101177
Sedan, 40, Pink, 199827
SUV, 36, Pink, 202811
Hatchback, 34, Orange, 92967
Sports Car, 47, Red, 30297
SUV, 21, Red, 124681
Sports Car, 49, Red, 145124
Hatchback, 13, Pink, 2879
Sports Car, 31, Pink, 50180
Minivan, 48, Black, 175442
Convertible, 40, Blue, 17801
SUV, 39, Red, 149320
Sedan, 18, Grey, 127347
Van, 0, Grey, 76304
Convertible, 26, Grey, 163073
Sedan, 35, Orange, 248104
Sports Car, 4, Green, 235992
Hatchback, 38, Orange, 19489
Convertible, 35, Green, 69410
Van, 22, Black, 237695
Van, 38, Red, 151606
Sports Car, 10, Blue, 208221
Van, 41, Blue, 138350
Hatchback, 20, Grey, 70788
Hatchback, 32, Green, 107680
Minivan, 2, Grey, 25674
Minivan, 30, Red, 212085
Convertible, 40, Pink, 187843
SUV, 18, Red, 5794
Minivan, 37, Black, 246580
Sedan, 32, Red, 62357
SUV, 10, Red, 13184
Van, 19, Red, 77618
Sedan, 44, Grey, 81189
SUV, 20, Green, 32556
Hatchback, 8, Green, 161806
Sedan, 46, Red, 150909
Van, 38, Green, 22190
SUV, 10, Black, 57388
Minivan, 45, Pink, 181684
SUV, 5, Grey, 244962
Convertible, 2, Blue, 105620
SUV, 11, Pink, 148823
Convertible, 23, Pink, 12606
Sedan, 16, Pink, 201690
Truck, 21, Red, 4291
Sedan, 18, Orange, 59511
Sports Car, 9, Red, 221342
Convertible, 22, Red, 83438
SUV, 19, Red, 147080
Convertible, 37, Blue, 21146
SUV, 15, Grey, 239235
SUV, 0, Red, 29913
Sedan, 4, Red, 37193
Van, 11, Red, 115000
Truck, 8, Grey, 90675
Van, 51, Pink, 101944
Convertible, 6, Blue, 32447
Truck, 8, Black, 137351
Sedan, 1, Grey, 97302
Sports Car, 1, Green, 22420
Van, 30, Red, 22152
Hatchback, 28, Pink, 140080
Sports Car, 17, Blue, 13645
Van, 13, Red, 38203
Sedan, 44, Red, 138762
Minivan, 19, Orange, 136116
SUV, 11, Red, 158886
SUV, 14, Red, 148173
Hatchback, 36, Grey, 13491
Sedan, 23, Pink, 208380
Minivan, 15, Green, 189914
SUV, 23, Grey, 185179
SUV, 40, Green, 234447
Hatchback, 26, Blue, 150283
SUV, 15, Grey, 41589
Van, 6, Black, 172047
Convertible, 42, Red, 90108
SUV, 31, Black, 122327
Hatchback, 0, Red, 76443
Sedan, 29, Black, 1467
SUV, 25, Orange, 242115
Van, 3, Pink, 93398
Hatchback, 17, Orange, 89724
Convertible, 38, Black, 217313
Convertible, 3, Red, 47999
Hatchback, 10, Orange, 23769
Sports Car, 50, Black, 157022
Minivan, 3, Green, 22718
Truck, 6, Green, 173078
Convertible, 30, Grey, 171198
Convertible, 29, Red, 211832
Truck, 29, Orange, 132509
Minivan, 9, Pink, 100915
SUV, 38, Blue, 37448
Minivan, 12, Orange, 104621
SUV, 37, Pink, 189687
Sedan, 33, Grey, 66675
Van, 36, Pink, 236644
Sports Car, 1, Red, 140669
Sports Car, 37, Pink, 131316
Van, 41, Black, 84703
SUV, 20, Orange, 79870
Truck, 2, Pink, 84831
Minivan, 3, Green, 21159
Minivan, 13, Green, 239579
Sedan, 30, Red, 115108
Hatchback, 5, Grey, 173896
SUV, 13, Grey, 211424
Convertible, 16, Red, 11224
Minivan, 47, Blue, 220639
Hatchback, 17, Green, 27419
Hatchback, 24, Black, 243045
Minivan, 12, Blue, 163349
Convertible, 15, Blue, 41670
Convertible, 43, Pink, 198900
Sports Car, 2, Orange, 134315
Hatchback, 51, Orange, 36763
Minivan, 45, Pink, 79524
Sedan, 13, Red, 35917
Truck, 6, Red, 146216
Truck, 27, Black, 233662
Convertible, 31, Orange, 136841
Sedan, 11, Green, 127477
Convertible, 18, Orange, 150043
Truck, 6, Orange, 240310
Truck, 19, Black, 65741
Truck, 48, Grey, 83151
Truck, 36, Grey, 107930
Sedan, 32, Black, 67321
Sedan, 20, Pink, 50466
Sedan, 22, Grey, 211974
Minivan, 34, Black, 23732
Sedan, 41, Grey, 128754
SUV, 12, Orange, 34610
Minivan, 9, Pink, 103320
Sedan, 45, Grey, 122412
Van, 20, Green, 132957
SUV, 21, Pink, 68746
Sedan, 42, Red, 121031
Hatchback, 14, Red, 35307
Sports Car, 39, Black, 137127
Sedan, 30, Red, 121538
Hatchback, 49, Orange, 216060
SUV, 0, Orange, 73141
SUV, 15, Black, 51497
SUV, 37, Red, 192028
Van, 32, Grey, 95957
Truck, 2, Black, 24686
Convertible, 26, Orange, 227805
Hatchback, 21, Black, 152516
SUV, 12, Orange, 25343
Van, 46, Pink, 67818
Sedan, 32, Green, 167293
Truck, 44, Blue, 131179
Convertible, 17, Green, 237634
Minivan, 8, Red, 17493
Truck, 6, Green, 211348
Sedan, 30, Pink, 86032
Hatchback, 50, Red, 103620
Minivan, 1, Orange, 199699
Sedan, 50, Orange, 146260
Minivan, 44, Green, 239930
SUV, 2, Orange, 237724
Van, 50, Orange, 147900
SUV, 23, Green, 155166
Sedan, 34, Black, 128584
SUV, 27, Pink, 222488
SUV, 49, Green, 52266
Sports Car, 51, Pink, 226172
Convertible, 14, Green, 223227
Convertible, 5, Blue, 72720
Sports Car, 27, Red, 21597
Minivan, 14, Green, 2669
Sports Car, 43, Black, 199679
Hatchback, 25, Green, 151588
Minivan, 47, Green, 64334
Sedan, 14, Pink, 207548
Convertible, 23, Red, 125751
Truck, 6, Red, 170860
SUV, 0, Red, 168640
Sports Car, 25, Red, 145196
Van, 21, Black, 201643
Sports Car, 3, Black, 37024
SUV, 15, Red, 62445
Sedan, 49, Red, 245992
Sports Car, 28, Green, 141853
Sedan, 13, Grey, 141702
Minivan, 5, Red, 169405
Minivan, 24, Orange, 5457
Convertible, 39, Orange, 18644
Minivan, 45, Grey, 191559
Sedan, 38, Grey, 229653
Sedan, 38, Orange, 174840
Sedan, 22, Blue, 218303
SUV, 21, Pink, 168579
Van, 45, Grey, 161159
Minivan, 39, Black, 60314
Sedan, 7, Orange, 188195
SUV, 50, Grey, 193178
Sedan, 18, Blue, 167004
Minivan, 46, Black, 98525
Van, 10, Pink, 120954
Sedan, 28, Blue, 116562
Sedan, 28, Pink, 230607
Sedan, 37, Orange, 9790
SUV, 19, Black, 3663
SUV, 50, Blue, 21720
Truck, 1, Grey, 216014
Sedan, 27, Green, 247187
Sedan, 42, Pink, 12302
Sedan, 24, Black, 80035
Sedan, 8, Grey, 67384
SUV, 15, Blue, 89347
Hatchback, 6, Red, 88201
Sedan, 51, Grey, 153518
Van, 4, Black, 194823
Minivan, 25, Red, 151431
Sports Car, 8, Black, 151693
Truck, 50, Red, 217867
Sedan, 46, Orange, 140143
Convertible, 3, Green, 148290
Truck, 27, Grey, 100689
Sedan, 50, Blue, 61395
Sedan, 19, Red, 246338
Van, 27, Pink, 15497
Minivan, 41, Green, 98385
Hatchback, 37, Red, 140576
SUV, 44, Red, 214436
Van, 35, Red, 125959
Minivan, 5, Red, 236108
Convertible, 38, Red, 153504
Van, 8, Pink, 132792
Hatchback, 7, Red, 243429
Sports Car, 26, Red, 71604
Sedan, 43, Red, 112260
SUV, 34, Red, 210375
SUV, 19, Green, 20263
Truck, 22, Grey, 208322
Hatchback, 26, Grey, 93452
Sports Car, 48, Red, 125717
Truck, 36, Orange, 93315
Truck, 36, Green, 114270
Sedan, 25, Grey, 39414
Van, 45, Green, 30530
Convertible, 33, Blue, 115229
Van, 6, Red, 77259
Minivan, 6, Pink, 56956
Minivan, 40, Pink, 32427
Sports Car, 17, Red, 236912
Sedan, 5, Grey, 31263
Sports Car, 24, Green, 52663
Hatchback, 16, Red, 132403
SUV, 25, Blue, 33117
SUV, 30, Orange, 187639
Hatchback, 0, Orange, 154177
Sports Car, 4, Blue, 11305
Convertible, 2, Black, 159809
Hatchback, 3, Grey, 221887
Truck, 6, Pink, 129529
Van, 44, Grey, 221874
Sedan, 47, Blue, 138043
Hatchback, 37, Pink, 122256
Minivan, 22, Orange, 196884
Sedan, 40, Grey, 86868
SUV, 6, Pink, 11808
Convertible, 27, Red, 140087
Van, 48, Red, 11856
Van, 34, Pink, 85375
Sports Car, 42, Black, 51525
Sports Car, 2, Red, 131129
Truck, 15, Blue, 71172
Minivan, 33, Green, 70230
Truck, 22, Pink, 30901
Sedan, 24, Pink, 105660
Minivan, 2, Grey, 49322
SUV, 21, Red, 32265
SUV, 43, Pink, 128010
Hatchback, 43, Black, 175163
Convertible, 12, Pink, 31924
Sedan, 6, Red, 168246
Convertible, 39, Red, 11028
Minivan, 40, Pink, 72481
Convertible, 33, Grey, 164798
Sedan, 4, Black, 166639
Sedan, 2, Pink, 99813
Sports Car, 38, Orange, 126782
Convertible, 33, Red, 64532
Sedan, 20, Black, 144145
Truck, 25, Pink, 245864
Sedan, 25, Orange, 92173
Sedan, 23, Red, 59553
Hatchback, 44, Grey, 80045
Convertible, 43, Black, 48601
SUV, 50, Black, 92198
Convertible, 14, Blue, 162134
Convertible, 28, Orange, 107012
Convertible, 3, Black, 170227
Convertible, 2, Green, 120369
Hatchback, 9, Green, 155076
SUV, 20, Grey, 171389
Sedan, 27, Grey, 1576
Truck, 25, Red, 101973
Sedan, 50, Red, 29536
SUV, 31, Red, 137985
Truck, 30, Grey, 99275
Hatchback, 40, Green, 21838
Minivan, 34, Red, 236950
Sedan, 3, Blue, 211420
Sedan, 28, Black, 233499
Hatchback, 0, Red, 162398
Truck, 45, Blue, 225872
Van, 4, Green, 163757
Hatchback, 12, Pink, 110063
SUV, 0, Black, 201846
Convertible, 18, Orange, 202342
SUV, 2, Pink, 152489
Sedan, 13, Grey, 35319
Hatchback, 29, Grey, 230904
Sports Car, 39, Blue, 236537
Minivan, 19, Orange, 164600
Truck, 25, Green, 55191
Van, 45, Red, 109173
Sports Car, 16, Orange, 103532
Minivan, 38, Pink, 31659
Truck, 7, Black, 194839
SUV, 14, Pink, 56885
Van, 24, Red, 185029
SUV, 39, Orange, 53483
Convertible, 39, Black, 156735
Hatchback, 35, Blue, 236262
Convertible, 41, Red, 231122
Truck, 17, Pink, 214722
Sedan, 34, Red, 116472
Hatchback, 35, Red, 247978
Sports Car, 1, Pink, 40949
Hatchback, 22, Green, 112571
Convertible, 45, Red, 76835
Hatchback, 21, Blue, 200776
Sedan, 14, Red, 64152
Sedan, 29, Grey, 59939
Hatchback, 23, Red, 177257
Van, 51, Grey, 172517
Minivan, 45, Red, 46446
Truck, 6, Red, 154101
Convertible, 41, Black, 131666
Convertible, 42, Red, 60075
Sports Car, 12, Green, 64314
Convertible, 35, Blue, 76693
Van, 19, Blue, 58499
Van, 31, Pink, 57885
